k,precision_at_k,recall_at_k,evaluated_queries
5,0.3515923566878981,0.5577171315277831,157
10,0.25286624203821656,0.7167572084412441,157
20,0.17133757961783438,0.8553545258051956,157
